{
  "project_info": {
    "project_number": "866195288429",
    "project_id": "famous-d549c",
    "storage_bucket": "famous-d549c.appspot.com"
  },
  "client": [
    {
      "client_info": {
        "mobilesdk_app_id": "1:866195288429:android:e1364f28c54685f523aa64",
        "android_client_info": {
          "package_name": "com.zoudne.famous"
        }
      },
      "oauth_client": [
        {
          "client_id": "866195288429-e8hgo95l3bfm3j5j7cs5lph5ir04vn8i.apps.googleusercontent.com",
          "client_type": 1,
          "android_info": {
            "package_name": "com.zoudne.famous",
            "certificate_hash": "2374179856d58bc1ae4ab052b737e3713a3fe51d"
          }
        },
        {
          "client_id": "866195288429-m09s8r14apheh29qekktjbpmfluk3eel.apps.googleusercontent.com",
          "client_type": 3
        }
      ],
      "api_key": [
        {
          "current_key": "AIzaSyAqIgWApx_7PnsudlA8cg5NUxdgkShEqH8"
        }
      ],
      "services": {
        "appinvite_service": {
          "other_platform_oauth_client": [
            {
              "client_id": "866195288429-m09s8r14apheh29qekktjbpmfluk3eel.apps.googleusercontent.com",
              "client_type": 3
            }
          ]
        }
      }
    }
  ],
  "configuration_version": "1"
}